title,brand,price,currency,prereduction_price,discount
Youth 530,New Balance,52.25,BHD,,
Kids Tensaur Comfort Ac,Adidas,16.39,BHD,21.57,-25%
NIKE V5 RNR E BP,Nike,38.59,BHD,,
Kids Copa Pure Iv League Tf,Adidas,17.99,BHD,30.24,-41%
Youth Deportivo III TF,Adidas,13.78,BHD,18.32,-25%
Tensaur Comfort Shoes Kids,Adidas,23.79,BHD,,
Youth Runfalcon 5,Adidas,18.78,BHD,24.83,-25%
Youth Campus 00S,adidas Originals,32.9,BHD,46.50,-30%
Kids Handball Spezial,adidas Originals,20.38,BHD,30.24,-33%
Youth Handball Spezial,adidas Originals,30.62,BHD,46.50,-35%
Tensaur Switch Shoes Kids,Adidas,15.6,BHD,20.49,-24%
Infant Samba Og Cf El,adidas Originals,22.42,BHD,30.24,-26%
Air Jordan 1 Mid,Jordan,37.34,BHD,57.35,-35%
Youth Runfalcon 5 El,Adidas,12.98,BHD,21.57,-40%
Youth Runfalcon 5,Adidas,14.68,BHD,24.83,-41%
Kids Runfalcon 5 El,Adidas,16.39,BHD,21.57,-25%
Kids Chuck Taylor All Star,CONVERSE,14.57,BHD,27.00,-47%
Kids Chuck Taylor All Star,CONVERSE,12.52,BHD,19.41,-36%
Youth Gazelle,adidas Originals,12.63,BHD,43.26,-71%
Kids Club Ii Era,PUMA,17.76,BHD,28.08,-37%
Youth Handball Spezial,adidas Originals,36.2,BHD,49.76,-28%
Infant Samba Crib,adidas Originals,15.71,BHD,20.49,-24%
Infant Grand Court Mickey,Adidas,16.74,BHD,22.66,-27%
Youth Copa Pure IV Club IN,Adidas,13.78,BHD,22.66,-40%
Kids Campus 00S C,adidas Originals,20.95,BHD,35.67,-42%
Air Jordan 1 Mid,Jordan,37.34,BHD,57.35,-35%
Youth Gel-Nyc Gs,asics,49.51,BHD,52.36,-6%
Youth Runfalcon 5 El,Adidas,12.98,BHD,21.57,-40%
Youth Rickie,PUMA,19.58,BHD,21.57,-10%
Infant Vl Court 3.0 Cf,Adidas,23.11,BHD,24.93,-8%
Infant Samba Og Cf El,adidas Originals,21.4,BHD,25.91,-18%
Youth Graviton,PUMA,14.57,BHD,27.00,-47%
Kids Campus 00S C,adidas Originals,20.95,BHD,35.67,-42%
Kids Breakbase,Adidas,18.9,BHD,22.66,-17%
Youth Runfalcon 5,Adidas,14.68,BHD,24.83,-41%
Kids Runfalcon 5 El,Adidas,16.39,BHD,21.57,-25%
Kids Grand Court Spider-Man,Adidas,20.26,BHD,28.08,-28%
Kids Chuck Taylor All Star,CONVERSE,14.57,BHD,27.00,-47%
Kids Grand Court Capt America El,Adidas,16.96,BHD,27.00,-38%
Youth Gs Jet '25,UNDER ARMOUR,21.74,BHD,32.41,-33%
Kids Barreda Decode Elsa,Adidas,20.26,BHD,27.00,-25%
Kids Bounder,SKECHERS,14,BHD,16.48,-16%
Kids Vl Court 3.0,Adidas,20.15,BHD,25.91,-23%
Youth Terrain Clogs,crocs,23.79,BHD,,
Infant Runfalcon 5 El,Adidas,17.64,BHD,19.41,-10%
Infant Adilette Estrap Buz,Adidas,11.16,BHD,13.98,-21%
Kids Gel-1130 Ps,asics,36.31,BHD,36.32,-1%
Youth 408,New Balance,21.97,BHD,27.00,-19%
Youth Runfalcon 5,Adidas,17.76,BHD,24.83,-29%
Kids Bounder,SKECHERS,12.07,BHD,16.48,-27%
Infant Duramo Sl2 El,Adidas,17.64,BHD,20.49,-14%
Infant Gazellef El,adidas Originals,18.21,BHD,27.00,-33%
Infant Tensaur Comfort Ac,Adidas,15.03,BHD,19.41,-23%
Kids Duramo Sl2 El,Adidas,17.87,BHD,22.66,-22%
Kids Samba Og Cf El C,adidas Originals,26.52,BHD,35.67,-26%
Youth Rickie,PUMA,13.32,BHD,21.57,-39%
Kids Grand Court 00S,Adidas,19.46,BHD,27.00,-28%
Kids Handball Spezial,adidas Originals,35.17,BHD,,
Kids Deportivo Iii Tf,Adidas,15.82,BHD,18.32,-14%
Kids Handball Spezial,adidas Originals,25.04,BHD,32.41,-23%
COURT BOROUGH LOW RECRAFT BPV,Nike,32.9,BHD,,
Youth Gazelle,adidas Originals,28.69,BHD,43.26,-34%
Kids Adifom Samba 360 C,adidas Originals,27.43,BHD,35.67,-24%
Kids Tensaur Comfort Ac,Adidas,15.94,BHD,21.57,-27%
Kids Adifom Samba 360 C,adidas Originals,24.93,BHD,43.26,-43%
Gs Official,UNDER ARMOUR,16.62,BHD,24.83,-34%
Kids Duramo Sl2 El,Adidas,17.07,BHD,22.66,-25%
Kids Duramo Sl2 El C,Adidas,18.9,BHD,22.66,-17%
Kids Go Run 400 V2,SKECHERS,18.44,BHD,,
Youth Barreda Decode,Adidas,17.87,BHD,28.08,-37%
Infant Campus 00S Cf El,adidas Originals,16.28,BHD,30.24,-47%
Kids Smash 3.0 L V Ps,PUMA,9.79,BHD,21.57,-55%
Youth Pegasus Trail 5 Gs,Nike,25.95,BHD,62.76,-59%
AIR MAX 270 BG,Nike,28,BHD,67.75,-59%
Kids Smash 3.0 L V Ps,PUMA,11.73,BHD,21.57,-46%
Kids Grand Court Minnie,Adidas,12.52,BHD,27.00,-54%
Unisex Kids BMW M Motorsport Drift Cat Decima motorsport shoe,BMW Motorsport,11.99,BHD,37.51,-69%
Kids Soft Wired 2 Ps,PUMA,11.27,BHD,24.83,-55%
Youth Softride Cosmic Street Sliptech,PUMA,15.82,BHD,29.16,-46%
Nike Jr. Tiempo Legend 10 Academy,Nike,10.02,BHD,35.67,-72%
Kids Tensaur Run 3.0 El,Adidas,18.78,BHD,19.41,-4%
Youth Duramo Sl2,Adidas,18.56,BHD,25.91,-29%
Infant Vl Court 3.0 Cf,Adidas,23.68,BHD,24.83,-5%
Kids Samba Og,adidas Originals,32.9,BHD,,
Kids Altaswim 3 C,Adidas,12.63,BHD,18.32,-32%
Kids Water Sandal Spider,Adidas,20.03,BHD,25.91,-23%
Youth Adizero Evo Sl,Adidas,69.32,BHD,,
Youth Handball Spezial,adidas Originals,28.23,BHD,46.50,-40%
Kids Campus 00S El C,adidas Originals,16.28,BHD,35.67,-55%
Kids Gel-1130 Ps,asics,39.27,BHD,,
Youth Gel-Nyc Gs,asics,42.46,BHD,48.78,-13%
Infant Tensaur Run 3.0 El,Adidas,15.25,BHD,20.49,-26%
Tensaur Comfort Shoes Kids,Adidas,14.8,BHD,19.41,-24%
Kids Vl Court 3.0,Adidas,19.01,BHD,25.91,-27%
Kids Handball Spezial,adidas Originals,18.67,BHD,30.24,-39%
Kids Club Ii Era,PUMA,17.76,BHD,28.08,-37%
Infant Tensaur Switch Cf,Adidas,14.57,BHD,18.32,-21%
Youth Handball Spezial,adidas Originals,36.2,BHD,49.76,-28%
Infant Vl Court 3.0 Cf,Adidas,17.07,BHD,22.66,-25%
Youth Advantage Base 2.0,Adidas,17.07,BHD,22.66,-25%
Youth 530,New Balance,52.25,BHD,,
Youth V5 Rnr Gs,Nike,46.55,BHD,,
Kids Gel-1130 Ps,asics,31.87,BHD,36.32,-13%
Kids Flexfocus Sliptech Ps,PUMA,11.38,BHD,19.41,-42%
Infant Gazellef El,adidas Originals,19.24,BHD,27.00,-29%
Youth Advantage Base 2.0,Adidas,17.87,BHD,22.66,-22%
Kids Barreda Decode El C,Adidas,19.69,BHD,22.66,-14%
Kids Smash 3.0 L V Ps,PUMA,9.79,BHD,21.57,-55%
Kids All-Day Active Ac+ Ps,PUMA,11.38,BHD,20.49,-45%
Infant Breaknet 3.0 Cf,Adidas,15.94,BHD,18.32,-14%
Youth Pegasus Trail 5 Gs,Nike,25.95,BHD,62.76,-59%
Kids Milano EVA  Narrow Fit Sandals,BIRKENSTOCK,21.52,BHD,,
Kids Adilette Shower Logo,Adidas,9.45,BHD,12.90,-27%
AIR MAX 270 BG,Nike,28,BHD,67.75,-59%
Nike Flex Runner 4,Nike,27.2,BHD,,
Kids Smash 3.0 L V Ps,PUMA,11.73,BHD,21.57,-46%
Kids Grand Court Minnie,Adidas,12.52,BHD,27.00,-54%
Infant Summerflex I,Adidas,19.69,BHD,22.66,-14%
Unisex Kids BMW M Motorsport Drift Cat Decima motorsport shoe,BMW Motorsport,11.99,BHD,37.51,-69%
Kids Soft Wired 2 Ps,PUMA,11.27,BHD,24.83,-55%
Nike Dunk Low,Nike,37.11,BHD,48.67,-24%
FORCE 1 LOW EASYON BP,Nike,44.28,BHD,,
Kids Classic Clogs,crocs,21.52,BHD,,
Youth Softride Cosmic Street Sliptech,PUMA,15.82,BHD,29.16,-46%
Youth Air Jordan 1 Mid Bg,Jordan,39.5,BHD,59.52,-34%
Youth Grand Court 3.0,Adidas,17.99,BHD,22.66,-21%
NIKE COSMIC RUNNER TD,Nike,23.79,BHD,,
Kids Runfalcon 5 El,Adidas,16.39,BHD,21.57,-25%
Infant Flexfocus Modern Ac+,PUMA,19.24,BHD,,
Kids Rincon 4 Big Kids,Hoka,49.51,BHD,,
Infant Bubblecomfy,Adidas,17.07,BHD,20.49,-17%
Youth Grand Court 3.0,Adidas,16.39,BHD,22.66,-28%
Nike Jr. Tiempo Legend 10 Academy,Nike,10.02,BHD,35.67,-72%
Kids Gel-1130 Ps,asics,39.27,BHD,,
Kids Adilette Aqua,Adidas,7.85,BHD,10.73,-27%
Kids Fun Racer 2 Ac+ Ps,PUMA,10.59,BHD,18.32,-43%
Kids Navy Low-Top Casual  Slip On Sneakers - Sleek Everyday Style and Comfort for Effortless Wear,U.S. Polo Assn.,22.48,BHD,40.37,-45%
Kids Old Skool V Sneakers,VANS,10.81,BHD,24.83,-57%
Infant Lightorama Rnr El,Adidas,16.39,BHD,25.91,-37%
Youth Omni Multi-Court Gs,Nike,16.39,BHD,30.24,-46%
Nike Metro Tek,Nike,14.91,BHD,37.83,-61%
Infant Adifom Samba 360 I,adidas Originals,17.42,BHD,30.24,-43%
Youth Air Max Fire Gs,Nike,27.89,BHD,48.67,-43%
Youth P-6000 Bg,Nike,31.87,BHD,48.67,-35%
Nike Air Max SC,Nike,20.26,BHD,41.09,-51%
Kids Crocband Cruiser Sandals,crocs,23.79,BHD,,
Youth Samba Og,adidas Originals,46.33,BHD,46.50,-1%
Kids Tensaur Run 3.0 El,Adidas,16.74,BHD,22.66,-27%
Kids Fun Racer 2 Ac+ Ps,PUMA,10.59,BHD,18.32,-43%
Infant Star Runner 5 Td,Nike,29.48,BHD,,
Kids Navy Low-Top Casual  Slip On Sneakers - Sleek Everyday Style and Comfort for Effortless Wear,U.S. Polo Assn.,22.48,BHD,40.37,-45%
Kids Sunray Protect 4 Bp,Nike,19.13,BHD,24.83,-23%
Kids Old Skool V Sneakers,VANS,10.81,BHD,24.83,-57%
Infant Grand Court Minnie,Adidas,24.93,BHD,,
Kids Duramo Sl2 El,Adidas,17.07,BHD,22.66,-25%
Infant Lightorama Rnr El,Adidas,16.39,BHD,25.91,-37%
COURT BOROUGH MID 2 BPV,Nike,35.17,BHD,,
Youth Breaknet 3.0,Adidas,19.46,BHD,22.66,-15%
Kids Gt-1000 14 Ps,asics,34.15,BHD,,
Infant Tensaur Run 3.0 El,Adidas,15.25,BHD,20.49,-26%
Youth Omni Multi-Court Gs,Nike,16.39,BHD,30.24,-46%
Nike Metro Tek,Nike,14.91,BHD,37.83,-61%
Kids Samba Og,adidas Originals,23.45,BHD,30.24,-23%
Kids Pokemon Print Classic Clog,crocs,22.31,BHD,30.24,-27%
Nike Flex Runner 4,Nike,27.2,BHD,,
Infant Chuck Taylor All Star Cribster,CONVERSE,15.82,BHD,16.15,-3%
Infant Adifom Samba 360 I,adidas Originals,17.42,BHD,30.24,-43%
Kids Tensaur Sport 3.0,Adidas,12.86,BHD,19.41,-34%
Kids F50 Hyperfast Club Tf,Adidas,29.48,BHD,,
Tensaur Comfort Shoes Kids,Adidas,19.46,BHD,21.57,-10%
Kids Fortarun 4.0 El C,Adidas,25.38,BHD,25.91,-3%
578 Sports Shoes,New Balance,21.52,BHD,,
Youth Court Borough Low Recraft Bg,Nike,44.28,BHD,,
Youth Air Max Fire Gs,Nike,27.89,BHD,48.67,-43%
Adifom Adilette Slides Kids,adidas Originals,19.58,BHD,22.65,-14%
Infant Samba Og Cf El,adidas Originals,24.7,BHD,25.91,-5%
Kids Breakbase C,Adidas,18.9,BHD,22.66,-17%
Kids Microspec Velocity,SKECHERS,14.57,BHD,18.21,-21%
Youth P-6000 Bg,Nike,31.87,BHD,48.67,-35%
Kids Bounder,SKECHERS,12.07,BHD,16.48,-27%
Youth Dunk Low Retro Bttys,Nike,27.43,BHD,35.67,-24%
Youth Campus 00S,adidas Originals,37.45,BHD,49.76,-25%
Youth Anzarun Lite,PUMA,10.36,BHD,24.83,-59%
Kids Breakbase C,Adidas,17.19,BHD,22.66,-25%
Youth Gel-1130 Gs,asics,43.26,BHD,,
Kids Arizona  BS Narrow Fit Sandals,BIRKENSTOCK,40.87,BHD,,
Kids Club Ii Era V Ps,PUMA,15.25,BHD,25.91,-42%
Kids All-Day Active Ac+ Ps,PUMA,12.07,BHD,20.49,-42%
Youth Cloud Sky,On Running,66.59,BHD,,
COURT BOROUGH LOW RECRAFT BPV,Nike,29.48,BHD,,
Kids Chuck Taylor All Star 2V,CONVERSE,14.35,BHD,19.41,-27%
Infant Flexfocus Modern Ac+,PUMA,19.24,BHD,,
Kids Go Run 400 V2,SKECHERS,12.29,BHD,16.48,-26%
Adilette Sandals,Adidas,16.96,BHD,,
Youth Fortarun 4.0,Adidas,20.26,BHD,28.08,-28%
NIKE STAR RUNNER 5 GS,Nike,35.17,BHD,,
Youth Handball Spezial,adidas Originals,34.15,BHD,46.50,-27%
Kids Adilette Sandal 2,Adidas,12.75,BHD,15.07,-16%
Kids Go Run 400 V2,SKECHERS,18.44,BHD,,
Kids Adilette Estrap 2.0,Adidas,11.04,BHD,13.98,-22%
Infant Campus 00S Cf El,adidas Originals,17.42,BHD,30.24,-43%
Youth Anzarun Lite,PUMA,10.36,BHD,24.83,-59%
Kids All-Day Active Ac+ Ps,PUMA,12.07,BHD,20.49,-42%
COURT BOROUGH LOW RECRAFT BPV,Nike,29.48,BHD,,
Infant Campus 00S Cf El,adidas Originals,17.42,BHD,30.24,-43%
Youth Soft Wired 2 Sliptech Ps,PUMA,12.63,BHD,24.83,-50%
Youth Lightblaze,Adidas,15.71,BHD,32.41,-52%
"Kids' Black Velcro Strap Sneakers Shoes - Easy-On, Day Fun for Little Explorers!",U.S. Polo Assn.,18.91,BHD,33.22,-44%
Nike Air Max Nova,Nike,27.09,BHD,41.09,-35%
Kids Tensaur Comfort Ac,Adidas,13.55,BHD,21.57,-38%
Youth Copa Pure IV Club FG,Adidas,14.46,BHD,22.66,-37%
Kids Tensaur Run 3.0 El,Adidas,16.74,BHD,22.66,-27%
Youth Soft Wired 2 Sliptech Ps,PUMA,12.63,BHD,24.83,-50%
Youth Lightblaze,Adidas,15.71,BHD,32.41,-52%
Infant Tensaur Run 3.0 El,Adidas,17.64,BHD,18.32,-4%
"Kids' Black Velcro Strap Sneakers Shoes - Easy-On, Day Fun for Little Explorers!",U.S. Polo Assn.,18.91,BHD,33.22,-44%
Youth Flex Runner 4 Gs,Nike,29.48,BHD,,
Youth Cloud Play,On Running,58.05,BHD,,
Kids Gel-Nyc Ps,asics,33.58,BHD,42.82,-22%
Youth Cosmic Runner Gs,Nike,35.17,BHD,,
JORDAN COURT CONNECT LOW BG,Jordan,44.28,BHD,,
Youth Terrex Tracefinder 2,Adidas,19.58,BHD,27.00,-28%
Nike Air Max Nova,Nike,27.09,BHD,41.09,-35%
COURT BOROUGH LOW RECRAFT BPV,Nike,29.48,BHD,,
Kids Grand Court 00S,Adidas,19.35,BHD,25.91,-26%
Youth F50 Club TF,Adidas,17.64,BHD,25.91,-32%
Kids Tensaur Comfort Ac,Adidas,13.55,BHD,21.57,-38%
Youth Air Max Fire Gs,Nike,55.66,BHD,,
Youth P-6000 Bg,Nike,55.66,BHD,,
Kids Garage,SKECHERS,30.39,BHD,,
Youth Air Force 1 Ess+ Bg,Nike,57.94,BHD,,
Youth Air Max Bia Bg,Nike,52.25,BHD,,
Youth Air Max Phoenix Bg,Nike,69.32,BHD,,
Infant Grand Court Spider-Man Cf,Adidas,24.93,BHD,,
Kids Jordan 1 Low Alt Se Uni Bp,Jordan,49.97,BHD,,
Kids Palermo Paw Patrol Ps,PUMA,35.17,BHD,,
Youth Jordan Franchise Slide Bg,Jordan,18.1,BHD,,
Kids Uno Lite,SKECHERS,26.75,BHD,28.00,-5%
Youth Air Jordan 1 Low Se Bg,Jordan,61.35,BHD,,
Youth Sonic Fly Gs,Nike,44.28,BHD,,
Youth Jordan Spizike Low Bg,Jordan,69.32,BHD,,
Youth Uplift Sc Bg,Nike,35.17,BHD,,
Youth P-6000 Bg,Nike,55.66,BHD,,
Youth Air Jordan 1 Low Se Uni Bg,Jordan,61.35,BHD,,
Youth Air Jordan 1 Mid Bg,Jordan,67.04,BHD,,
Kids Lightorama Court El,Adidas,35.17,BHD,,
Youth Fade Nitro Pikachu,PUMA,55.66,BHD,,
Youth Air Jordan 1 Mid Bg,Jordan,67.04,BHD,,
Infant Lightorama Court El,Adidas,29.48,BHD,,
Youth Free Ride Gs,Nike,49.97,BHD,,
Kids Tri-Namics 2.0,SKECHERS,26.86,BHD,,
Kids Handball Spezial Messi,Adidas,35.17,BHD,,
Youth Skyrocket Lite 2,PUMA,23.79,BHD,,
Youth Jordan Sixty Plus Low Bg,Jordan,72.73,BHD,,
Kids Microspec Velocity,SKECHERS,20.26,BHD,,
Kids Air Max Bia Bp,Nike,40.87,BHD,,
Infant Flexfocus Modern Ac+,PUMA,19.24,BHD,,
Infant Rs Surge Paw Patrol Ac,PUMA,40.87,BHD,,
Youth Jordan Court Connect Low Bg,Jordan,44.28,BHD,,
Kids Rs Surge Paw Patrol Ps,PUMA,46.55,BHD,,
Kids Handball Spezial,adidas Originals,22.65,BHD,30.24,-26%
Kids Fade Nitro Pikachu Ps,PUMA,51.11,BHD,,
Kids Tensaur Run 4.0 El,Adidas,22.65,BHD,,
Youth Mostro Espeon,PUMA,55.66,BHD,,
Youth Future 9 Match TF,PUMA,38.59,BHD,,
Kids Jordan 1 Low Alt Bp,Jordan,46.55,BHD,,
Youth Jordan Sixty Plus Low Bg,Jordan,72.73,BHD,,
Youth Air Jordan 1 Low Bg,Jordan,55.66,BHD,,
Youth Air Jordan 1 Mid Se Bg,Jordan,69.32,BHD,,
Kids Stellar Ride Psv,Nike,20.26,BHD,30.24,-34%
Kids Fisherman Sandals,crocs,21.52,BHD,,
Infant Skechers Meteor-Lights,SKECHERS,7.63,BHD,18.32,-59%
Youth Cosmic Runner Gs,Nike,20.26,BHD,30.24,-34%
Infant Tensaur Coco,Adidas,10.7,BHD,20.49,-48%
Infant Lightorama Rnr El,Adidas,15.37,BHD,25.91,-41%
AIR MAX 270 BP,Nike,36.99,BHD,56.91,-36%
Infant Handball Spezial,adidas Originals,15.6,BHD,27.00,-43%
Kids Metro Tek Bp,Nike,20.26,BHD,30.24,-34%
Youth Ultimashow 2.0 Mer,Adidas,29.48,BHD,,
Jordan 23/7.2 EasyOn SE,Jordan,49.97,BHD,,
Kids Barreda Decode Jasm,Adidas,21.74,BHD,27.00,-20%
Kids Gel-Nyc Ps,asics,38.13,BHD,42.82,-11%
Youth Break Start,Adidas,21.17,BHD,27.00,-22%
Youth Bgs Ascend,UNDER ARMOUR,22.54,BHD,27.00,-17%
Jordan Session,Jordan,40.87,BHD,,
Youth Gt-2000 14 Gs,asics,48.26,BHD,52.36,-8%
Air Jordan MVP 92,Jordan,67.04,BHD,,
Jordan Session,Jordan,40.87,BHD,,
Youth Gel-Nyc Gs,asics,40.64,BHD,48.78,-17%
Kids Knu Skool,VANS,27.32,BHD,30.24,-10%
Kids Evolve Run Sl Ac+ Ps,PUMA,21.52,BHD,,
Kids Slide Sandals,speedo,10.36,BHD,10.95,-6%
Youth Novablast 5 Gs,asics,44.96,BHD,,
Youth Speedcat,PUMA,46.55,BHD,,
Nike Cosmic Runner,Nike,29.48,BHD,,
Kids Air Max 90 Mesh Lace Ps,Nike,46.55,BHD,,
Jordan Session,Jordan,40.87,BHD,,
Infant Vortex 2.0,SKECHERS,21.52,BHD,,
Youth Air Max Dn Bg,Nike,52.93,BHD,70.35,-25%
Kids Jordan Max Aura 7 Bg,Jordan,52.25,BHD,,
Infant Streettalk El,Adidas,23.79,BHD,,
Infant Grand Court Crib,Adidas,14.68,BHD,,
Rapidasport Boa K,Adidas,42.91,BHD,,
Junior Anthony Edwards 1 J Low,Adidas,52.36,BHD,,
Kids Vl Move El,Adidas,19.24,BHD,,
Kids Shark Slydes,Cotton On,3.42,BHD,3.99,-15%
Youth Breakbase,Adidas,20.15,BHD,25.91,-23%
Infant Breaknet 3.0 Cf,Adidas,20.38,BHD,,
Toddler Classic Clogs,crocs,18.1,BHD,,
Toddler Classic Clogs,crocs,18.1,BHD,,
Kids Rush Runner Slip-On,Reebok,13.78,BHD,21.57,-37%
Youth Campio Xt,Reebok,21.85,BHD,35.67,-39%
Youth 9060,New Balance,57.94,BHD,,
Youth Air Max Phoenix Bg,Nike,67.04,BHD,,
Youth Grand Court 3.0,Adidas,24.93,BHD,,
Kids Streettalk El,Adidas,29.48,BHD,,
TEAM HUSTLE D 12 PS,Nike,38.59,BHD,,
Infant Crocband Clog Sandals,crocs,23.79,BHD,,
Air Jordan 4 RM,Jordan,67.04,BHD,,
Infant Crocband Cruiser Sandals,crocs,21.52,BHD,,
Jordan Flight Court,Jordan,46.55,BHD,,
Kids Max Invigor Bp,Nike,44.28,BHD,,
Kids Samba Og Cf El,adidas Originals,35.17,BHD,,
NIKE STELLAR RIDE PSV,Nike,35.17,BHD,,
